{
  "serverStartTime": "2025-09-08T23:43:06.638Z",
  "totalConnections": 1,
  "activeRooms": 0,
  "logs": [
    {
      "timestamp": "2025-09-08T23:41:21.789Z",
      "type": "error",
      "context": "unhandledRejection",
      "message": "Cannot read properties of undefined (reading 'x-forwarded-for')",
      "stack": "TypeError: Cannot read properties of undefined (reading 'x-forwarded-for')\n    at getClientIP (C:\\Users\\Gebruiker\\Desktop\\software\\peerlink\\test1\\Komunikation (12) nach dem online test\\Komunikation\\server.js:176:27)\n    at logConnection (C:\\Users\\Gebruiker\\Desktop\\software\\peerlink\\test1\\Komunikation (12) nach dem online test\\Komunikation\\server.js:110:22)\n    at WebSocketServer.<anonymous> (C:\\Users\\Gebruiker\\Desktop\\software\\peerlink\\test1\\Komunikation (12) nach dem online test\\Komunikation\\server.js:762:5)\n    at WebSocketServer.emit (node:events:518:28)\n    at WebSocketServer.completeUpgrade (C:\\Users\\Gebruiker\\Desktop\\software\\peerlink\\test1\\Komunikation (12) nach dem online test\\Komunikation\\node_modules\\ws\\lib\\websocket-server.js:438:5)\n    at WebSocketServer.handleUpgrade (C:\\Users\\Gebruiker\\Desktop\\software\\peerlink\\test1\\Komunikation (12) nach dem online test\\Komunikation\\node_modules\\ws\\lib\\websocket-server.js:346:10)\n    at Server.upgrade (C:\\Users\\Gebruiker\\Desktop\\software\\peerlink\\test1\\Komunikation (12) nach dem online test\\Komunikation\\node_modules\\ws\\lib\\websocket-server.js:119:16)\n    at Server.emit (node:events:518:28)\n    at onParserExecuteCommon (node:_http_server:938:14)\n    at onParserExecute (node:_http_server:839:3)",
      "errorCount": 1,
      "recoveryAttempts": 0
    }
  ],
  "systemHealth": [
    {
      "timestamp": "2025-09-08T23:41:36.605Z",
      "memoryPercent": 74.87994098542458,
      "heapUsed": 7259784,
      "heapTotal": 9695232
    },
    {
      "timestamp": "2025-09-08T23:42:06.611Z",
      "memoryPercent": 74.90807852767216,
      "heapUsed": 7262512,
      "heapTotal": 9695232
    },
    {
      "timestamp": "2025-09-08T23:42:36.620Z",
      "memoryPercent": 75.50573312737643,
      "heapUsed": 7320456,
      "heapTotal": 9695232
    },
    {
      "timestamp": "2025-09-08T23:43:06.622Z",
      "memoryPercent": 75.52594925010561,
      "heapUsed": 7322416,
      "heapTotal": 9695232
    }
  ],
  "errorStats": {
    "unhandledRejection": 1
  },
  "metadata": {
    "timestamp": "2025-09-08T23:43:06.644Z",
    "version": "2.0.0",
    "checksum": "fd583e96412c380c6b08ba43097464890fa787b68de8d0b9facc76cd0ebe878f",
    "compressed": false
  }
}